Acc,Pre,Rec,f1_score
0.772625,0.29717514124293787,0.47774750227066304,0.3664228491814699
