,Mean_acc,Var_acc,Mean_pre,Var_pre,Mean_rec,Var_rec,Mean_f1,Var_f1
0,0.7717916666666668,0.08073702381119142,0.27130250355849755,0.21566406264196938,0.5770935399938345,0.3055140810890116,0.35855377891129087,0.2470737703717637
1,0.7160333333333333,0.13316345271465774,0.40280092454945104,0.21084117357876728,0.733983934212061,0.2579127329135497,0.5120528956992303,0.23404662513197816
2,0.7942541666666668,0.08131897382205595,0.6130310284279388,0.12410830678218346,0.9388824736279096,0.07215833581065224,0.7375852564488301,0.11048403687188303
3,0.7910958333333334,0.082473124936585,0.6609053635023208,0.10584053915232274,0.9526123092819144,0.07760525914855063,0.7780418852389016,0.09586590801051284
4,0.8261375000000002,0.03662905765349873,0.7511714736525528,0.04957375740244227,0.9804789253241173,0.005520870447886848,0.8497644000869955,0.03233505071431089
