,Mean_acc,Var_acc,Mean_pre,Var_pre,Mean_rec,Var_rec,Mean_f1,Var_f1
0,0.7756712102437007,0.0718152678800667,0.28938744778789344,0.18929310487378753,0.6182709616731551,0.30881756156448337,0.3886534263795377,0.22910306831220437
1,0.723729863692689,0.05381561938468204,0.4000047168009482,0.09553243999526163,0.8653663749540725,0.11181066791022047,0.5438173665673991,0.10894277667074684
2,0.6765675340768276,0.062078769690044,0.48204092283496053,0.08558562414711787,0.9199757496606307,0.03210136704204444,0.6293587717331433,0.07852914503237897
3,0.6470012391573728,0.06328967744845139,0.5296326844985245,0.07375405579800563,0.9472024550342711,0.019327869494212654,0.6770519340090669,0.06439095952773617
4,0.678244527054936,0.056474504338862475,0.6078670610728594,0.062366176362752795,0.9689264771844462,0.009241346141592884,0.7454123834240757,0.049454457172410426
