,Mean_acc,Var_acc,Mean_pre,Var_pre,Mean_rec,Var_rec,Mean_f1,Var_f1
0,0.7703882693102023,0.05745735015413348,0.2507037799937091,0.16543182357573002,0.49343920669585767,0.2715394435735294,0.32878999888631616,0.20110648612854187
1,0.6631102850061956,0.07062753632901378,0.32013378790445757,0.11910884233662039,0.6576315752952726,0.19909598788786156,0.42751076533316273,0.1465331492963333
2,0.6480090871540687,0.06414285763300798,0.4546686135079462,0.09454981040956631,0.8404437275184499,0.06768398558994664,0.5871498663718564,0.09287451003946576
3,0.6356340355225113,0.0674512919332622,0.5218561098570559,0.07732769611650471,0.9328151705294535,0.02571370708073251,0.6668155203331417,0.06718058982057681
4,0.6123130937629079,0.061760093124923456,0.5612787687879777,0.06831533764377189,0.9564837371005024,0.014297486434286613,0.7054116019141934,0.057962648015614536
