,Mean_acc,Var_acc,Mean_pre,Var_pre,Mean_rec,Var_rec,Mean_f1,Var_f1
0,0.7045291666666669,0.043552861599121376,0.10521562278048409,0.12415794549198247,0.1907255062785197,0.1745480694596013,0.13091891419748525,0.13673593273863466
1,0.5816,0.059082484714168895,0.21427610686918855,0.09905611674037029,0.407293287250579,0.1483317189332369,0.2778122175990316,0.1166324450901327
2,0.5083624999999999,0.07411876976346814,0.33222822154170906,0.08447293255040313,0.5667994800368508,0.10870313542087796,0.4166634908098889,0.09323037142565227
3,0.4783958333333334,0.08054688129782278,0.39486896178236247,0.08157715265034429,0.6283777415457633,0.10875398053047931,0.4824936517160137,0.0881511814749272
4,0.4317125,0.07821411683907623,0.45456086081428176,0.08115399136815171,0.6048094320779068,0.1037265589126351,0.514827663109007,0.07838144319980295
