alpha,beta,avgAcc,avgPre,avgRec,avgF1
1.00000,0.00000,0.69410,0.50070,0.80161,0.61318
1.00000,0.00100,0.72062,0.52720,0.92796,0.67014
1.00000,0.00200,0.72062,0.52720,0.92796,0.67014
1.00000,0.00300,0.72062,0.52720,0.92796,0.67014
1.00000,0.00400,0.72062,0.52720,0.92796,0.67014
1.00000,0.00500,0.72062,0.52720,0.92796,0.67014
