,Mean_acc,Var_acc,Mean_pre,Var_pre,Mean_rec,Var_rec,Mean_f1,Var_f1
0,0.6149070631970261,0.06106571347770203,0.15403130492291642,0.11021835672227615,0.47404506110960487,0.24771888687963414,0.22897235661012047,0.1469679566993719
1,0.5319578686493185,0.06323026678819377,0.23888380845829688,0.09631721239927281,0.6274218800232716,0.17197426521135725,0.34336029554999903,0.12560861088648542
2,0.512804626187526,0.07575697374181244,0.35751368577293263,0.09612420789902998,0.7583647149208426,0.08612746308010161,0.48299073821885224,0.10393228970568266
3,0.5227137546468401,0.054673201242374805,0.4446926267409904,0.06675780950130304,0.8450977715044287,0.03245650551944856,0.5805973935410242,0.061380027362707444
4,0.5354935976869064,0.06982836464580279,0.5151106343375391,0.07164532274443328,0.8892863270236575,0.032028580073931424,0.6504878889506961,0.06560432529456171
