Acc,Pre,Rec,f1_score
0.782125,0.2460243217960711,0.8006088280060882,0.37638640429338105
