alpha,beta,avgAcc,avgPre,avgRec,avgF1
1.00000,0.01562,0.72140,0.52789,0.93252,0.67192
1.00000,0.00781,0.72095,0.52750,0.92885,0.67062
1.00000,0.00391,0.72062,0.52720,0.92796,0.67014
1.00000,0.00195,0.72062,0.52720,0.92796,0.67014
1.00000,0.00098,0.72062,0.52720,0.92796,0.67014
1.00000,0.00049,0.72062,0.52720,0.92796,0.67014
