,Mean_acc,Var_acc,Mean_pre,Var_pre,Mean_rec,Var_rec,Mean_f1,Var_f1
0,0.7772614622057,0.041217992311861684,0.13766824100437025,0.12501914379525286,0.1933562421249104,0.18783824908076893,0.15679068233015794,0.1433148330459054
1,0.630578273440727,0.0792715014189386,0.22045246714053876,0.10546013401421646,0.3547399149415366,0.1721372935211678,0.26836620866803,0.12363881419677675
2,0.4787814952498967,0.09245618079483449,0.26352620827884565,0.11301732319713634,0.40041741520362745,0.1484024784025615,0.31446569979410877,0.1214938190545856
3,0.38165220983064846,0.06582835769284597,0.30916895120564336,0.06836191387207377,0.46784915494676604,0.10151950951067173,0.3707775819910312,0.07837752162578145
4,0.36108632796365137,0.09104686337061796,0.3848079305458301,0.08989369894037288,0.5101580935747271,0.11434143678321035,0.43626720304559397,0.0951800179844573
