,Mean_acc,Var_acc,Mean_pre,Var_pre,Mean_rec,Var_rec,Mean_f1,Var_f1
0,0.7438458333333334,0.04859149106039268,0.17970152176076867,0.13743746922922198,0.36564969709168454,0.24701585787092833,0.2353933186981041,0.16509767349606239
1,0.7161166666666665,0.05725769538285273,0.3827573730647094,0.12884246769571928,0.7608398703248757,0.1576006538540702,0.5049464505010659,0.14331550357433637
2,0.7219625000000001,0.04092163687565947,0.5285322882880272,0.07516299953287056,0.9325151431124635,0.024230925498812433,0.6724234613693633,0.06677078623399357
3,0.7043833333333335,0.04763322253311116,0.5717006810576724,0.06621720254341823,0.9572063904147238,0.013860595745534752,0.7140305224083825,0.05640626468243944
4,0.7366875000000002,0.05936874309137763,0.6624177581948564,0.07388783000695062,0.9756474900603838,0.008539762155810893,0.7870377322565061,0.054802915185408585
