,Mean_acc,Var_acc,Mean_pre,Var_pre,Mean_rec,Var_rec,Mean_f1,Var_f1
0,0.8107166666666668,0.04471908770933901,0.21022141115936993,0.24434596013410081,0.25439865486363794,0.2616234499462886,0.22089394487086217,0.23244831458937618
1,0.7371958333333332,0.06074415852688133,0.3481868056306041,0.19324786400005717,0.44336737205373955,0.2278703677728963,0.38715339990734676,0.20605535932585972
2,0.6671125000000002,0.08313938064830248,0.47613061188102834,0.13404097074201674,0.683706637054156,0.12229240845708739,0.5582218375618501,0.1294675122509472
3,0.5928916666666667,0.062293255832571656,0.4823236028841327,0.07757943532223305,0.7517612955542078,0.07926065570916567,0.586407859548832,0.07872490183533724
4,0.6371906666666667,0.0595621507437586,0.6081040693180657,0.09012133510771708,0.8546388685025407,0.03187869319814889,0.7025885516926708,0.057670988905153875
